{"actions":[],"apps":[{"acl":{"app":[],"field":[],"record":[]},"app":null,"category":{"categories":[],"useCategory":"false"},"form":{"layout":"[{\"id\":null,\"type\":\"ROW\",\"isSubTable\":false,\"var\":null,\"controlList\":[{\"isVirtical\":true,\"type\":\"SINGLE_LINE_TEXT\",\"styleMap\":{\"width\":193},\"label\":\"顧客名\",\"var\":\"顧客名\"}]},{\"id\":null,\"type\":\"ROW\",\"isSubTable\":false,\"var\":null,\"controlList\":[{\"isVirtical\":true,\"type\":\"SINGLE_LINE_TEXT\",\"styleMap\":{\"width\":193},\"label\":\"部署名\",\"var\":\"部署名\"}]},{\"id\":null,\"type\":\"ROW\",\"isSubTable\":false,\"var\":null,\"controlList\":[{\"isVirtical\":true,\"type\":\"SINGLE_LINE_TEXT\",\"styleMap\":{\"width\":193},\"label\":\"担当者名\",\"var\":\"担当者名\"}]},{\"id\":null,\"type\":\"ROW\",\"isSubTable\":false,\"var\":null,\"controlList\":[{\"isVirtical\":true,\"type\":\"LINK\",\"styleMap\":{\"width\":193},\"label\":\"TEL\",\"var\":\"TEL\"}]},{\"id\":null,\"type\":\"ROW\",\"isSubTable\":false,\"var\":null,\"controlList\":[{\"isVirtical\":true,\"type\":\"LINK\",\"styleMap\":{\"width\":193},\"label\":\"メールアドレス\",\"var\":\"メールアドレス\"}]},{\"id\":null,\"type\":\"ROW\",\"isSubTable\":false,\"var\":null,\"controlList\":[{\"isVirtical\":true,\"type\":\"DECIMAL\",\"styleMap\":{\"width\":193},\"label\":\"郵便番号\",\"var\":\"郵便番号\"}]},{\"id\":null,\"type\":\"ROW\",\"isSubTable\":false,\"var\":null,\"controlList\":[{\"isVirtical\":true,\"type\":\"SINGLE_LINE_TEXT\",\"styleMap\":{\"width\":193},\"label\":\"住所\",\"var\":\"住所\"}]}]","revision":null},"iconMeta":null,"info":{"automaticallyChooseTitleComponent":"true","code":null,"decimalPrecision":"16","decimalScale":"4","description":"\u003Cdiv\u003E\u003Cbr /\u003E\u003C/div\u003E","enableBulkDeletion":"false","fiscalYearStartMonth":"4","iconKey":"APP39","iconType":"PRESET","jsFiles":null,"jsScope":"ALL","name":"顧客管理","roundingMode":"HALF_EVEN","theme":"PLAIN","titleComponentLocalId":null,"useComment":"true","useHistory":"true","useThumbnail":"true"},"jsFiles":[],"notification":{"appNotifications":[{"events":["RECORD_COMMENT_ADDED"],"target":{"entityId":"5522384","entityType":"FIELD_ENTITY","includeSubs":"false"}},{"events":["RECORD_COMMENT_ADDED"],"target":{"entityId":"5522385","entityType":"FIELD_ENTITY","includeSubs":"false"}}],"recordNotifications":[],"reminderTimezone":null,"reminders":[],"useComment":"true","useReminder":"false"},"plugin":{"pluginIds":[]},"reports":[],"resource":{"tables":[{"rows":[{"fields":[],"objectId":"0","subObjectId":"-1"}],"type":"AppName"},{"rows":[{"fields":[],"objectId":"0","subObjectId":"-1"}],"type":"AppDescription"},{"rows":[{"fields":[],"objectId":"5522383","subObjectId":"-1"},{"fields":[],"objectId":"5522384","subObjectId":"-1"},{"fields":[],"objectId":"5522385","subObjectId":"-1"},{"fields":[],"objectId":"5522386","subObjectId":"-1"},{"fields":[],"objectId":"5522387","subObjectId":"-1"},{"fields":[],"objectId":"5522388","subObjectId":"-1"},{"fields":[],"objectId":"5522389","subObjectId":"-1"},{"fields":[],"objectId":"5522390","subObjectId":"-1"},{"fields":[],"objectId":"5522391","subObjectId":"-1"},{"fields":[],"objectId":"5522392","subObjectId":"-1"},{"fields":[],"objectId":"5522393","subObjectId":"-1"},{"fields":[],"objectId":"5522394","subObjectId":"-1"},{"fields":[],"objectId":"5522396","subObjectId":"-1"},{"fields":[],"objectId":"5522397","subObjectId":"-1"},{"fields":[],"objectId":"5522398","subObjectId":"-1"}],"type":"FieldLabel"},{"rows":[{"fields":[],"objectId":"20","subObjectId":"-1"}],"type":"ViewName"}]},"schema":{"groups":[],"revision":null,"subTable":{},"table":{"fieldList":{"5522383":{"id":"5522383","label":"レコード番号","properties":{"noLabel":"false","required":"true"},"type":"RECORD_ID","var":"レコード番号"},"5522384":{"id":"5522384","label":"更新者","properties":{"noLabel":"false","required":"true"},"type":"MODIFIER","var":"更新者"},"5522385":{"id":"5522385","label":"作成者","properties":{"noLabel":"false","required":"true"},"type":"CREATOR","var":"作成者"},"5522386":{"id":"5522386","label":"更新日時","properties":{"noLabel":"false","required":"true"},"type":"MODIFIED_AT","var":"更新日時"},"5522387":{"id":"5522387","label":"作成日時","properties":{"noLabel":"false","required":"true"},"type":"CREATED_AT","var":"作成日時"},"5522388":{"id":"5522388","label":"ステータス","properties":{"noLabel":"false","required":"false"},"type":"STATUS","var":"ステータス"},"5522389":{"id":"5522389","label":"作業者","properties":{"noLabel":"false","required":"false"},"type":"STATUS_ASSIGNEE","var":"作業者"},"5522390":{"id":"5522390","label":"カテゴリー","properties":{"noLabel":"false","required":"false"},"type":"CATEGORY","var":"カテゴリー"},"5522391":{"id":"5522391","label":"顧客名","properties":{"defaultValue":"","expression":"","hideExpression":"false","max":null,"min":null,"noLabel":"false","required":"false","unique":"false"},"type":"SINGLE_LINE_TEXT","var":"顧客名"},"5522392":{"id":"5522392","label":"部署名","properties":{"defaultValue":"","expression":"","hideExpression":"false","max":null,"min":null,"noLabel":"false","required":"false","unique":"false"},"type":"SINGLE_LINE_TEXT","var":"部署名"},"5522393":{"id":"5522393","label":"担当者名","properties":{"defaultValue":"","expression":"","hideExpression":"false","max":null,"min":null,"noLabel":"false","required":"false","unique":"false"},"type":"SINGLE_LINE_TEXT","var":"担当者名"},"5522394":{"id":"5522394","label":"TEL","properties":{"defaultValue":"","max":null,"min":null,"noLabel":"false","protocol":"CALL","required":"false","unique":"false"},"type":"LINK","var":"TEL"},"5522396":{"id":"5522396","label":"メールアドレス","properties":{"defaultValue":"","max":null,"min":null,"noLabel":"false","protocol":"MAIL","required":"false","unique":"false"},"type":"LINK","var":"メールアドレス"},"5522397":{"id":"5522397","label":"郵便番号","properties":{"defaultValue":null,"digit":"false","displayScale":null,"max":null,"min":null,"noLabel":"false","required":"false","roundingMode":null,"scale":null,"unique":"false","unit":"","unitPosition":"BEFORE"},"type":"DECIMAL","var":"郵便番号"},"5522398":{"id":"5522398","label":"住所","properties":{"defaultValue":"","expression":"","hideExpression":"false","max":null,"min":null,"noLabel":"false","required":"false","unique":"false"},"type":"SINGLE_LINE_TEXT","var":"住所"}},"id":"1","label":"__ROOT__","var":"__ROOT__"}},"status":{"actions":[],"filters":[],"initialStateId":null,"states":[],"useStatus":"false"},"uuid":"619fddcd-289a-4b79-aff5-749a02043542","views":[{"advancedMode":null,"builtinType":"ALL","device":null,"fields":[{"row":[{"id":"5522383"},{"id":"5522391"},{"id":"5522392"},{"id":"5522393"},{"id":"5522394"},{"id":"5522396"},{"id":"5522397"},{"id":"5522398"}]}],"filter":{"category":null,"offset":null,"order":[],"q":null,"size":null,"sort":[]},"html":null,"keyFieldId":null,"name":"（すべて）","pager":null,"revision":null,"titleFieldId":null,"view":"20","viewType":"LIST"}]}],"description":"社外でのkintone SDKもくもく会用のアプリです","iconKey":"APP39","iconMeta":null,"iconSrcAppId":"619fddcd-289a-4b79-aff5-749a02043542","iconType":"PRESET","imagesMeta":[],"lookups":[],"name":"顧客管理forもくもく会","references":[],"version":"25"}